{
  "resources": [
    "../../assets/audio/sfx.ogg",
    "../../assets/audio/sfx.m4a",
    "../../assets/audio/sfx.mp3",
    "../../assets/audio/sfx.ac3"
  ],
  "spritemap": {
    "smb_1-up": {
      "start": 0,
      "end": 0.8496145124716553,
      "loop": false
    },
    "smb_bowserfalls": {
      "start": 2,
      "end": 3.0319274376417233,
      "loop": false
    },
    "smb_breakblock": {
      "start": 5,
      "end": 5.547210884353742,
      "loop": false
    },
    "smb_bump": {
      "start": 7,
      "end": 7.214693877551021,
      "loop": false
    },
    "smb_coin": {
      "start": 9,
      "end": 9.945487528344671,
      "loop": false
    },
    "smb_fireball": {
      "start": 11,
      "end": 11.131473922902494,
      "loop": false
    },
    "smb_fireworks": {
      "start": 13,
      "end": 13.42140589569161,
      "loop": false
    },
    "smb_flagpole": {
      "start": 15,
      "end": 16.17151927437642,
      "loop": false
    },
    "smb_gameover": {
      "start": 18,
      "end": 21.77437641723356,
      "loop": false
    },
    "smb_jump-small": {
      "start": 23,
      "end": 23.59011337868481,
      "loop": false
    },
    "smb_jump-super": {
      "start": 25,
      "end": 25.583990929705216,
      "loop": false
    },
    "smb_kick": {
      "start": 27,
      "end": 27.181179138321994,
      "loop": false
    },
    "smb_mariodie": {
      "start": 29,
      "end": 31.712290249433106,
      "loop": false
    },
    "smb_pause": {
      "start": 33,
      "end": 33.68517006802721,
      "loop": false
    },
    "smb_pipe": {
      "start": 35,
      "end": 35.784126984126985,
      "loop": false
    },
    "smb_powerup_appears": {
      "start": 37,
      "end": 37.5843537414966,
      "loop": false
    },
    "smb_powerup": {
      "start": 39,
      "end": 39.98916099773243,
      "loop": false
    },
    "smb_stage_clear": {
      "start": 41,
      "end": 46.641496598639456,
      "loop": false
    },
    "smb_stomp": {
      "start": 48,
      "end": 48.2746485260771,
      "loop": false
    },
    "smb_warning": {
      "start": 50,
      "end": 52.93138321995465,
      "loop": false
    },
    "smb_vine": {
      "start": 54,
      "end": 55.15986394557823,
      "loop": false
    },
    "smb_world_clear": {
      "start": 57,
      "end": 63.26412698412698,
      "loop": false
    }
  }
}